pid,well_id,atp_value_raw
CGR0002,00347ba8ec60f5d749122819b6b9d096,949981.875
CGR0002,0f5560338b74cc9ae8c6f6ae2c2f4003,818357.75
CGR0002,15d0b124a17daf54a22b8ecb9582fcb4,947920.3125
CGR0002,1f6c022a549c887679685348a1fc6a52,973413.875
CGR0002,20538e07dd38ab60198a6613aa4a49f9,902903.625
CGR0002,21c92dd23588f8db77259e5076bd6972,965875.5
CGR0002,2b135626b4ee17663268cff1bbdef30b,970246.0
CGR0002,2d361c04944ddcc904f2632681a162e6,955026.125
CGR0002,2d5876eabbabe5c095e70c88d22faecf,942725.75
CGR0002,3c45bc83c4c210acac2d18aef16fd993,930950.375
CGR0002,3e0e94c7ed8cbc89103e0ad53ebecbef,954918.625
CGR0002,415a9104864051cb14c93c2476e01202,834112.5
CGR0002,4483476878cd7270aea0e8e6a2707d86,788801.25
CGR0002,465f2f152d746a4d7ab9e3026ea32f8a,803793.8125
CGR0002,475ba308b73ba9438f2286dd18f2ebce,932921.625
CGR0002,4ae51c12f27c4f70885892b0dc9bb0c4,966203.5
CGR0002,51e22c296988f036f9eb21e23f691cd5,972991.5625
CGR0002,5636fc28708571d8da67b44642d6e658,955675.75
CGR0002,58bd8b48e76b5672cafb63162fd2f47b,799052.125
CGR0002,58ce86a5a928e2e6a711a1ef0ccc2c2e,975431.3125
CGR0002,5a7f8215ad5f54db3a7dd1b54837fbd7,918626.1875
CGR0002,5c719b6e7aa1f0391064fb3b9742dbb0,939303.875
CGR0002,60490df3da67fd4c2d4995a7b67a06b8,721224.125
CGR0002,6568492df3e10e0093f05f87190f2589,933416.4375
CGR0002,65f89dce4ea83407c0b014b5262b3c26,938453.25
CGR0002,76dc7e34a98f01f1837a30d6317fd26f,933858.0625
CGR0002,77c45dbef133b99ff209cdb98b3658e9,947463.0
CGR0002,7e55153bcdf5380c039b99d5ec509f3b,933961.375
CGR0002,81454c855ab0f25a67b09ca1547b08f4,899215.5
CGR0002,81669726a9d9a43a2c1e4e70e7c10bce,924902.6875
CGR0002,83c619c84ed1960c0459c207a111ef56,933034.625
CGR0002,8568380cbabd7d9201e1edb43c33074b,732657.25
CGR0002,8b63088e1f368275f1f75e797e505e89,909579.1875
CGR0002,8fa6246095b95aee5f09918b60b3c531,943861.0
CGR0002,921ada1e22ca5c52c5cb67969afb443e,935699.875
CGR0002,9937e48dca30c3efea3f5e94eb5cdc72,833248.25
CGR0002,9b8e554136fc598b3ddd6f950d57b4b1,918714.6875
CGR0002,9ed31014c9e1b0d93cb9dca4348ebaab,930730.1875
CGR0002,a09c8ef07a5d4ad1c7b048dffb1490aa,903015.625
CGR0002,a446022341ca097da4e02a79b3678f83,926369.8125
CGR0002,a4e79096fdc03906e3e05d6c86d37c88,781353.875
CGR0002,ab360c4c1d53d6e3ff50a790b12d18f1,964584.9375
CGR0002,aedb4c6376710ef1821ccda13b1dc498,920466.0
CGR0002,b1e083c502b4c1414dada19764fd22b2,743209.75
CGR0002,b261ec68204de9ee2172b0e8fbe40056,956027.625
CGR0002,b58392744d00a02619af5ef8c9c8e86c,929939.625
CGR0002,b60866cb4f19e66e1304da11e0068cc4,960831.75
CGR0002,c707c4beea3a3930e3e8e0314ba5f6b9,955457.0
CGR0002,c9772e83bb06de42a7813c9eb5347069,959451.8125
CGR0002,cbf702cb987a28bd6d47dd4b8e8d0ba9,922218.9375
CGR0002,ce9a41c90eff999edfcb8d0e164aee65,800091.4375
CGR0002,d011bb32da16c920e59356cf28d7fa99,887765.9375
CGR0002,d35f41bbf506035990c5cb824a4a76c5,942003.125
CGR0002,d4067371f5da7df611528f91c277dee0,924794.1875
CGR0002,d67df9a32b951c2bd61c50601717226b,940253.875
CGR0002,d9e9d3856feccc3611c8eab0717d8181,911793.875
CGR0002,da4e9e060d685dcbcb6392cf6d97e140,916347.75
CGR0002,da84ffca8e3d003e666ddd5c558e5b0c,936821.3125
CGR0002,dc3d69734b938ed0eff38018062542c3,942362.5625
CGR0002,dde8c7b452ac9c4afffa4bc01ba37e03,950065.25
CGR0002,e1f6c2198a2359b51c10e9cad31c5b1f,940833.3125
CGR0002,e2598bdafd6e25dfcaacbc620b598e40,969837.125
CGR0002,e310391ae3a9f38d38201d1281cf051a,956871.3125
CGR0002,e3fa4246690ac86a2c35f30a998a2d70,942689.75
CGR0002,e5245254289036d003bf3385bd9ac0a1,966168.5
CGR0002,e6c7c202ba4ea069a212efbaa40b0044,887577.1875
CGR0002,ef142a2b374c67f42aac4876a2e3ece4,691494.125
CGR0002,f25ad85723c085aa2b9be096deb1d8bc,913869.25
CGR0002,f4619f94f9dddbcb02713cb6fc6b5813,951818.25
CGR0002,f9fc20b28ca20523430ad584b8d54fee,965457.4375
CGR0002,faa460f1eef0120ef2064b79df00d47f,937649.0
CGR0002,ffea455c2c0c1823b4d99b2d1394032b,786750.25
CGR0029,06890308f64729d09b4e333d21095a8b,960873.875
CGR0029,0ae20dc47a335cfea3e2ed2a35d31edc,772322.25
CGR0029,0fea38b152b29c2174720ab80a3edc79,956359.5
CGR0029,14a4ab95ca3c1bd170be4d39b02642a1,842826.0
CGR0029,17a75e05ac4d8bd2e5a6da5fba7a6669,871463.0625
CGR0029,1d3d5fb920455f602f11f59d2dda701e,929768.5
CGR0029,1eddd6823d28be5018d99a643923c065,803165.5
CGR0029,21f8cb63c23bde47054940dc9c7d32ee,921622.875
CGR0029,22f7107dfbfb8595f9497d0f92e29840,813146.9375
CGR0029,2523da57fa8a71fedfb42346b3abc155,865518.625
CGR0029,28e030277da26730c0aec0996b179241,904679.25
CGR0029,2b68b632c468f29bfd2c46859d9c9f1d,898360.0
CGR0029,31d69b6b6072cffba95945d9d15bd5ba,885078.5625
CGR0029,3388f438a06ee5b6cd0efdb5bccb43f5,847740.125
CGR0029,347d9cf82c2ba48252106e9a904a5a95,862589.25
CGR0029,39527cc8ab02f9f31b5caf471a983dbe,872098.25
CGR0029,3d65a615132008c7bb8414c975b8dbb9,892508.75
CGR0029,40c96ff09ee85f70a1f602866d9a1af6,866690.75
CGR0029,46969d02d16cfea934d8c513812df414,819137.0
CGR0029,49ba41c8942dcadbe46d0f23cb5a41b7,795209.3125
CGR0029,4aeef1881f6bc46aff607c222f0e09bf,830020.3125
CGR0029,4be1b1bfa0db7705568157e5856768c8,835282.6875
CGR0029,4da395ca0a68f9e56de6fa0dae480f6e,847146.0625
CGR0029,5088dbfe203b54ff4fc66868d341a9f2,792249.5625
CGR0029,5602acce3684b352fa23f85a7229659e,796608.9375
CGR0029,58db976faea3662273a25774d7311ddf,951394.4375
CGR0029,5c11fa1c7b6de93f05945ec5d380144a,880104.125
CGR0029,5f21e79161c2b849cfbf230e03a84a36,771069.625
CGR0029,68879369d15b15814753ee4317e92d14,818122.0625
CGR0029,6ae97b0f51fe899e4da3ff01ea538cf5,760149.8125
CGR0029,6b8d8619a19aa5262b6e4d80f946b878,910883.875
CGR0029,6e8d70cb2be9db88af1b642f40d0aff8,871023.5
CGR0029,6f2917bc92bc61ae82f8f69eb6ea422c,859322.1875
CGR0029,718def25798c41853b8f84a75975fc1c,836915.6875
CGR0029,77b7d3e17b8cafb3b165fe4f19d80946,837711.8125
CGR0029,7b5476c16aded523a027e02e7295dd63,774083.875
CGR0029,7bca738fb9276cfe7194237c278b2f73,752128.25
CGR0029,7fe9904fa966e6481306177dd82525b6,807082.125
CGR0029,82bc0118457b3df646e83f095d492857,722874.6875
CGR0029,8afb97ce3cd425a9505afbb666cf6b60,838679.0625
CGR0029,8bb148761208333651ecdb7e2c78079b,944336.375
CGR0029,8d05b3ca4dc15b5dcabe4c0714493e72,891034.0625
CGR0029,8f48c6b0b3a2e64a9a60b75489ace1f0,951888.1875
CGR0029,8fe19475a9bb4e4a1c88136b1f76e407,732660.6875
CGR0029,905d5e8baf752fb020aac72ab87f4aee,831052.375
CGR0029,a0951fd97b1affbf90ebdecf9b073c40,900769.0
CGR0029,a19d43ca53162e7f100670f849d83d9e,841943.0625
CGR0029,a6d86ea35bff076cc09d4fddac3485e8,865232.3125
CGR0029,a80c5be5e1c1464b7a5bed50a72761db,764007.5
CGR0029,aa06951269bf4edf05d5f14243d90a13,849689.125
CGR0029,ac209fcdd1ccfd3e348c0fcd91f7c5c9,908198.375
CGR0029,afd051f34e09b30752aab87f90922284,943785.375
CGR0029,b08ba256a14d1555b7945583ad642c4c,797086.1875
CGR0029,bd90779be057066dca28e22c0804ea85,845442.3125
CGR0029,bd9a98410e952d0eb6e7556102a3b65a,925988.25
CGR0029,c24184f2b37fe3be05122b72895af89c,885906.125
CGR0029,c3614564bf8c864998dbcf9536d99d98,793165.8125
CGR0029,c40ea66cf234d48958b7e4e2f21ad70b,894629.0
CGR0029,c525c92e588a5ccae68972c7b2d1ee64,936609.625
CGR0029,c5607386c85f89d11d3168472a8ce28b,761608.375
CGR0029,cb1ca15a2e6c05a95212a6534266af1c,838349.5625
CGR0029,cb5ddffa807b2b87bfdbe397c822274e,915174.875
CGR0029,d2a7c0f6424185e51e5afcbce55d9873,874178.3125
CGR0029,dc69905ddde65c3a690652888266c06d,773941.375
CGR0029,dcd2e65f93ded9801f373c70eaa35395,837405.125
CGR0029,e0cdecd90ab485d80b43072593659f35,858138.0
CGR0029,ea61fcd7add85f0c64c954d44b9bc82b,892758.1875
CGR0029,eb02c8e663d56f9bb0fcb8e9081d06e7,845311.6875
CGR0029,ed693f6317dd8b9fd4ea8d92bef701af,961906.25
CGR0029,f350aac46d0cae519c0afd8444a3a29c,957115.0
CGR0029,f8539359341021af522923cbdfcd77a8,950766.8125
CGR0029,fdd7083874b6be2fa715f6d24fcaadda,798303.375
CGR0039,03c814a890badd6fc369d58dd611e59c,876843.5
CGR0039,0b51f854014d8649d91dd2ffc288830d,764625.625
CGR0039,0b55207cfcc7c37fc317463119076017,814244.1875
CGR0039,0de1e6ba207fb114f8e6d59e80af0302,878605.5
CGR0039,1644209293627f4c7d6bff0a7fd2741d,479825.84375
CGR0039,1d54cf76d58e8ef81cf66deeaa04e4e6,785388.875
CGR0039,1f9581efb63f5c6a57d098b098294b31,787420.5
CGR0039,26ea67b5749c817aeed599ca6aa14a8f,781180.25
CGR0039,27c4bb7d0a6b96d28cf20328a1b2ecad,740967.75
CGR0039,340ab179243c422b95c18ebee91a7c79,903882.375
CGR0039,35008a86904128e09c45cd04232ba98f,829367.5
CGR0039,353e99deba1b98224fe3141ae70d0936,772563.875
CGR0039,36e4073abc1a61a2b2993fcc81b19e8f,845084.375
CGR0039,38779acf2bcd7a864929e2d5c490f136,871576.125
CGR0039,3b3d183420a5534838c3bf987b7dfdb8,752189.25
CGR0039,45d4691bcb436cabb46cc2d1086359f9,816693.9375
CGR0039,46d2541d42b428fda2fa5d802f29cc0e,844327.125
CGR0039,4b0bc7ed9b10cfa1bdb3c4c037fe4a48,855374.6875
CGR0039,4c94c6f21c2315b9438e32ed7b8277d6,798442.0
CGR0039,5157677f7ee02a5f49ecd2b8730a277a,864535.3125
CGR0039,5834a116745a4ec9129ee8cb7bfd63f0,863720.25
CGR0039,5c7d8e936ed0cfdca17eee503bea22c7,603743.5
CGR0039,618e82ff9dfa304ccb253ac1d1e770b3,805170.9375
CGR0039,66d9b4576f5a250f4e0b7b5798664516,833933.5625
CGR0039,68d31dbc6c2fabdfdffe91d1e1b320ba,863230.3125
CGR0039,6929db7ee811fa83b4950dbe07b6ce61,777275.125
CGR0039,6bc254ef9b5177d49e012b1101ffd8c9,510664.875
CGR0039,6c29257d817facbef1db89fd157df322,791176.6875
CGR0039,6cd0d4e1623635b4c64195f6bec2ac67,893014.5
CGR0039,74f5f6d1fe117cfc6fbfdfa45d1bf710,763461.25
CGR0039,7b18f832ba1ae44ffeac645b4001a1a0,865879.4375
CGR0039,7f6c0441350f615fbb830d620b8b6538,781035.75
CGR0039,85d7d9330d398a175e8c92f3e867cb33,930368.125
CGR0039,8979e82e58c7ae0c12a9f7e1f258fc47,799434.0
CGR0039,8a3a38f694ecdd163eaad209bf13c14e,791326.875
CGR0039,8ad94af63b48c8eeec0f3a75c8707e23,759458.5625
CGR0039,91004f3b5c46466b1ade0b338f320208,743640.75
CGR0039,94d244fa09f6443ad0a0249fc410f5e5,879847.3125
CGR0039,9794a465e13fa9e715a7652700b9d3c7,946399.1875
CGR0039,9c11e5b9043295974aea919415d38837,838538.25
CGR0039,9d8185b0ae61eb9687b3b22b75d984c2,924206.125
CGR0039,9f7d3661558ef4d2f9daa9df8a722471,754005.625
CGR0039,a44c204f6be19ea35d71bd68241e422a,853486.6875
CGR0039,a4d6bf52b4c397ab2cade45243917879,903651.375
CGR0039,a77d59a77c36ff4c2910bd4248227a18,850787.0
CGR0039,aa76406f5809794b4aaf8ae22b9ebd93,930204.875
CGR0039,aa8f564224ed4f5e2f82489040cb52b1,802634.875
CGR0039,ad3bf9c6b88c4ae0fab6709768913331,880546.5
CGR0039,ae1e8fafc2655759dfa92fb3fda9579d,682084.25
CGR0039,b0af7570076c436ce9c6deccfc140a55,849287.3125
CGR0039,b3a92826114f4aa55e674a9a7d3ea61e,818793.3125
CGR0039,b4abb8afb6fd027af4168095a8aa105c,856042.25
CGR0039,b7022281a2621159538500fdecf5e511,831621.625
CGR0039,b83c3b1615ac8f134e1ecc04441eaf16,784595.3125
CGR0039,be6401cfcea2c9bad197372f3304104a,934598.4375
CGR0039,c04471e9530cdab6122322c1c22d317d,891357.0
CGR0039,cafa70d66d31626c33259ae8380b7b77,704983.375
CGR0039,d01dd65c1ff27c8420d83cedc97564a1,794021.8125
CGR0039,d36ac1bbedd5ea95f18a92e7018665b3,866433.75
CGR0039,d493b718dbd07ff8ad0df895a5d7cd21,746317.875
CGR0039,d61df578ff317b3f1e8a0fb21424b3c7,864665.625
CGR0039,d7f85fa34da1ec9adf2b63e33432e5b6,901543.3125
CGR0039,df7474fc8190edc558738ceb220850dc,559008.125
CGR0039,e029dce6b886be715d6a78ec6e11b6da,858204.3125
CGR0039,e21407411c832c1cefe7707cc52a00b6,675042.25
CGR0039,e4bb7e78cdccd7db44b05f06f65393ae,799243.375
CGR0039,e6fed8038839eb880e3e19a502b6a1b1,886480.875
CGR0039,e972a238763db83ac17470257b491b26,848048.1875
CGR0039,eb28860b5aafcb90949635f21be3277d,874633.625
CGR0039,eefed2f391e91f4905008f835b30763c,814334.25
CGR0039,f28e6b2994c6d563542d7664c13f1a54,590136.4375
CGR0039,f4889eda4bcee6da606e61375df76f10,831470.125
CGR0039,f4d9747e2de66adc54feb9fcf06ab9c1,843738.75
CGR0039,f5c6f5318bb3e45438f4e601e79acf56,898563.125
CGR0039,f765186d2687d2b7d2017e749a304572,716195.25
CGR0039,f933c04b54d732159239828e61cafbf0,776555.6875
CGR0039,fa10318dae51d7a4858e4aea4fb6bd45,785612.125
CGR0039,fc532e161e36a9cb753c9a4d8bdc6388,550987.4375
CGR0039,fe56b7de0c23efd29e5784f18a5be2b1,814328.0625
CGR0039,ff45493e86eb5765d84bb9939cc69e19,922051.0
CGR0078,02364f50ea522fb2e4445019c7af1b23,907710.875
CGR0078,0a8967af649d41e23f9119c93cd03085,890374.0625
CGR0078,14c458e51ce4fc1043eecad6eac706fd,934464.75
CGR0078,1b2e84a56e0542e8da05ea06031e4965,932143.4375
CGR0078,267594e44756882cbfd76c8bd8c6549a,925185.875
CGR0078,3a5d1cee92686d3c99df6ec2041b4345,909702.375
CGR0078,4dddbdabf5b69b1db1c6f600a8e344a4,973759.25
CGR0078,5458e9e3046c7b7c9bc343fd7db41283,940418.0
CGR0078,57e3781433f97c71868c3f8f18071044,920437.0625
CGR0078,73a541e63d7ccd347a90f4a3e816b22e,962196.1875
CGR0078,78fa55b5bc936a57c547634d93071702,919646.5
CGR0078,7a14af2ec43a4170dc50417a5d67ef65,892178.5625
CGR0078,8be10106a9a94923460cf48d9664aa87,934906.0
CGR0078,905ee45db3d868e30475c86fcd381411,924185.875
CGR0078,9dc8d9985ef876cdc7760f946b53ca86,947249.8125
CGR0078,9ec5d6803373d8776fe9b9df6d52edbb,923615.75
CGR0078,b30cc8e568701cee6e98c6c8b4bb5e07,944222.9375
CGR0078,ba1bb041995332e92c3d071af9781db8,935939.0
CGR0078,bd29f711952b0ae1bc4fda29490ccfdc,912025.1875
CGR0078,c0244029c0c38bce7091500ed50fbf3c,971909.25
CGR0078,ca36f336187a5eb471fbe882429a3f96,955223.75
CGR0078,d42a0be2a1870c44c498f1d2ec2f3337,969718.75
CGR0078,ddaf37f61e229fdf80ff0c37e50d9ab7,969520.875
CGR0078,ff8f13391e13a8cd4a3b37d1adcb3685,943516.3125
CGR0097,0164d633c86332b8350cb4794e9ec80f,951227.5
CGR0097,059f4cce49809fca926e2e3b5ad3a10e,939530.5
CGR0097,061af2eced94767a2ff42fd5a96edb2b,989867.5
CGR0097,06dc0bb5cb19b5aa20c8e44e33d2ec4a,958132.375
CGR0097,1de17e304684355654e302c2895a1fb4,872905.375
CGR0097,28881ea371b748be9e60e91ad5782cdd,977406.375
CGR0097,295a9868adbf6ccd213dc9a496afe5fc,995594.375
CGR0097,2eab785f4053945c2d77267368712e04,993863.0625
CGR0097,36916f31f053f7f0de80d0235bb5710b,976773.6875
CGR0097,36adec9593d4c77cdf1a2569f2efe4ff,989514.5
CGR0097,4887b825ade795e385d311c13e3b6ddd,935392.0625
CGR0097,4f299d3f6873a91b44e8d13f09c6dfc9,930261.625
CGR0097,51b9deb3a19b8821f04956c879ffdc10,988724.0625
CGR0097,6db500946f3b3873cc3b0a398e0085b5,985220.6875
CGR0097,6ed189ebec3a18b8715c624f4fef31ab,982719.0
CGR0097,7f5f439e415a4a75aad82edc62ac8137,998354.5
CGR0097,80089b6a80b3d0725e1d02565fcc6766,985950.125
CGR0097,8a6169f82481d51bed016ee957d49d11,983035.8125
CGR0097,8c3e11d63d7b37c0bf05f6ed8241e4f7,1003059.4375
CGR0097,9a997088d46b7c93187f28a28a76c40e,980138.5
CGR0097,9aaf22deffd1c78901d12a653bf692c3,911707.75
CGR0097,9f732049bd0a777ec7c4dc38813ffbc8,993994.8125
CGR0097,ad728c1aa93a560c6008738ae398ecbb,987288.0625
CGR0097,b61475cd8bda5cb72058872f47a4fced,986791.0625
CGR0097,b76ccc75fdc721f171bb0499c6c1d628,987544.1875
CGR0097,c5813e7524ee292a7db5bdb3e176d642,986365.8125
CGR0097,d68f11c21d41792cc449c948409b671e,951196.6875
CGR0097,d6b504d2c4f4484ffef75e9476040a08,983925.875
CGR0097,d80f2f89694103902c0dd370d9f37ffc,925087.0625
CGR0097,da001fc325c79cd7bc840d430c445923,977411.9375
CGR0097,e05c0fc9513954de96a4510893823e1f,911428.6875
CGR0097,e102d783a1a79f1acb3c77bc81d1dc88,994564.6875
CGR0097,e9a1867afaf25801a3943eb54b397a39,982493.125
CGR0097,eb26ebe5fb4cbfd0040993fb4df90ea1,922625.375
CGR0097,f7d42838e3890be625b089585129cb8f,986546.4375
CGR0101,1bd20c24487874967c64b5df99ce2e3f,1003268.0
CGR0101,245ab22007ebfcb513d244610db44311,987659.125
CGR0101,3fcea18da1bfee343f6b97bea90c416e,978223.25
CGR0101,551336b3dc039c3d16cd8e4af4bb5dfa,990857.375
CGR0101,5802180efe965f46e67edc1571ef4ac2,989992.125
CGR0101,670ac459b40039934c51cff28d149f5a,998792.5625
CGR0101,68f75be2f5c9cf3b7301db5bfe257d94,1006469.75
CGR0101,6e433503afbb0619219ab5495963d76f,997205.0
CGR0101,72bd648acdf0fee909d844296a997fd7,1000571.5625
CGR0101,a6d0d30317c8ca030963bafec30509ad,982484.6875
CGR0101,ece5a480b5c9748b24e42635ae966e6c,990978.3125
CGR0101,ee771dd69f4a80a199eae3abf99c8292,1001337.125
CGR0108,0678a04e5da3dea2f17a2ab4b1a07364,945469.125
CGR0108,39ff66a519fd75d762ed25294742420e,866518.0
CGR0108,4eb013c630721054e34766cb6bb40ce6,934980.875
CGR0108,52c9536077cb730f243ca79cb9271105,782350.75
CGR0108,5634e76a2e25987e74835ba9714c9b84,962834.125
CGR0108,629cd0ce5c87eebae7d6ef35bfa2add3,964364.1875
CGR0108,74fd91e97cd791a5c21cd0490bfac343,916061.125
CGR0108,7a6e67679e2d0d559fa020ddc06b93fd,899668.375
CGR0108,aea2cfd9237dbe694b37afadd7c9e2bd,970292.25
CGR0108,c6fea9eb0da903c676f74295d02b56de,908954.0
CGR0108,f4b373df1c585747d3233881cf39a1c9,953929.25
CGR0108,fac9fdc26ee32236fc0c461edaf45793,944821.0625
PGR0002,1804a587fda15cc575ec7be7c4d966ae,885279.5
PGR0002,1df5a11a2c631f5ed053ce40c416ef48,860502.3125
PGR0002,23debd244c77da6c1023f323e992d743,920269.4375
PGR0002,41670a3b7fd2bb6debb49a8b2f7206a3,929937.0
PGR0002,47029959f0e3964f749318cf226162ad,846815.75
PGR0002,488400d75dad95d13e529e4a7b20145f,826856.125
PGR0002,5a4bea6bcc961d0bc0493090b65140d3,917522.125
PGR0002,5e025d3bac7c901d15390cb0114a69ed,768646.8125
PGR0002,6d55890dc923c96f1f007481a52b4bfe,884947.75
PGR0002,747ec5d40a877f49d807b57235c18d54,770255.375
PGR0002,84a7a4f033f4dee771f9a79890190061,841228.75
PGR0002,8865767297b8900ed0017d543d80d844,893692.625
PGR0002,8c88ccf30db06ba4d57a6236b166f311,860078.125
PGR0002,958a940c9fd1923403afe645e722bb4d,910285.5625
PGR0002,a95f8e719d17ff0af70fa880e1f75258,797988.25
PGR0002,ac85db1412ba02ac498efcb6587a3c6f,848851.625
PGR0002,b59e3bf1e211436748ed225c8d52a6dd,884887.0
PGR0002,b83a3a4339b82d7c062732d0b63f547c,866302.375
PGR0002,b8ed5419e1787477c70a343f30e95990,852016.3125
PGR0002,bc87f8c232366897efc4f58cd687e7c5,885331.8125
PGR0002,c14a009808950dae36a711240df0034e,869076.125
PGR0002,d6531d235c96d20ac6c68588fb348415,870859.875
PGR0002,d9aa631ca989c09ae60a6296ff51430c,866387.4375
PGR0002,eee0aa98c0c0f382ecb6f6b16cebbc18,914359.125
PGR0013,08c9f65189479eee34935ae0b4142702,847740.125
PGR0013,0a4b97c827c613c7abc6004792a61284,778773.1875
PGR0013,14c39e57202e248e48927b3910b4049a,747386.9375
PGR0013,1dfebb8cc9b3274f895f84d4785900a0,826896.375
PGR0013,398285db45ee02b73a13fca9ae37e7b1,748776.6875
PGR0013,3c90303914929ec7fc8b1c8dd2a6d9c5,733038.125
PGR0013,412a3374c3a4f5449083ca11b38c2f02,712959.625
PGR0013,62cdc8707a5fe1480f75d42359547997,888200.375
PGR0013,68f051d8c2dcd9c889abec4f107b9295,797211.625
PGR0013,717e569c935481d13ec3ed3525c6bf46,900925.375
PGR0013,7375173f37ccb3bd36d4e4ee6d71a5d4,782700.75
PGR0013,7a2236533172f9385b476845133a8842,834613.0
PGR0013,7a6f191b5c51fa65ddbf763d08658aa2,720475.5
PGR0013,81df23a3cec42f188609b6ee4554234d,591424.9375
PGR0013,a3ec479b1f9718ffaa5a4187927482f3,750278.5
PGR0013,a916f7dee61774e5eb95b3d02e74fb49,791058.25
PGR0013,a95985d41e49c07e5514267cd4d40711,809552.0
PGR0013,a9eaf81908c39a623850190d706730a0,695884.875
PGR0013,b5b8652b60916a5f235d92745a8d18aa,843977.75
PGR0013,c1e78ace24865dae17d6b4dd128f0422,711510.125
PGR0013,cc8db1a5ab940d4febda47d6ae0c6eec,890408.0
PGR0013,d07a1faf651197a53fdf8428126a2942,869948.4375
PGR0013,d6d07b47704f691715c44c75b6ecc85a,867811.4375
PGR0013,e0716147405a88b37b1f80974b048487,657962.625
PGR0037,0a75c3cd191051408f21dd5cc1a4d310,913992.125
PGR0037,0da788df2f30bf8d1f5fa81b74e0ba4e,960686.0625
PGR0037,114bdb4bc69be07086be51afaec44d2e,960895.875
PGR0037,1332d24bae106961bc4f3117bc7a9723,906344.1875
PGR0037,153c369f24c1c9ff48bbcc9330a087a3,931383.6875
PGR0037,2bb4c48723237dbd95c92a37a4d21a58,835366.3125
PGR0037,335efb4fc2628fcbd11ce661c4aa54a7,912945.0
PGR0037,3b3cc17e69990aec0e1e31ad3ddcf2fd,964914.375
PGR0037,3e5ab55c4ecaf752eef821046c48d076,885652.75
PGR0037,3f574356791d8c57d25d53547541125b,919527.25
PGR0037,400fcb86036e433368a3666ffb4ea6d8,946620.375
PGR0037,4038ad45fa61ebdf369ee7d9b0ca1ed5,970472.75
PGR0037,40b1b34952663f54525e6807be7be871,923705.625
PGR0037,43ee6c82011a0a5774468a06c9462d78,901530.4375
PGR0037,44735f23c84baa1babc0674d5a469f92,879634.1875
PGR0037,46ea49a7b666166a522f07d88eb545a9,893014.5
PGR0037,487deb2bcc0f919b38588e6ed7a37a1f,935556.1875
PGR0037,4cf51dc23f6165d00b5746c6e6cc7715,890784.25
PGR0037,52eeccb1493a573816fea9daf4f2ebb7,924791.5625
PGR0037,53e45b80007beca66f242a00971b77bf,961059.0
PGR0037,5558d290a5245f956928c592ad6d04d7,888274.125
PGR0037,654f8d3f4cc74defe8aff49e2d1f624c,890920.1875
PGR0037,6767ebeaf3eb8438541fcca42a82a3c5,694595.25
PGR0037,69e6ae8fcea2ad2cf2797a50f0b9e252,875757.875
PGR0037,6f43c586217335cf37ae05ce3da08038,956375.9375
PGR0037,7158c567515f517a52ab11fdb65259cf,939763.5
PGR0037,75e6edab514bdd92763d9fe1f3c7c2e2,980470.375
PGR0037,777a00d2a6c48d7b101266861122a004,895068.5
PGR0037,7b70d2f9717c963413345eba467bc20f,940349.8125
PGR0037,8917329c1b62e7ea31a25a096757c9bf,777624.375
PGR0037,89df60ab7fdaabeae26f26f49bdad179,924554.3125
PGR0037,916913b60c20880d1df1541bff0ebd93,898502.25
PGR0037,93428ff13b8a22d5bcf796cf1ee38716,897166.5
PGR0037,9dcb7da3d1eecd6b912e935dac007844,885091.25
PGR0037,9ecc3bc6a6f8ce6d9c6e52a4216ac05e,942300.5625
PGR0037,a7221790ac115079c71fd355d96ec32c,962633.0625
PGR0037,b17f210c789d7d399f699f8486765e20,977169.625
PGR0037,bd805c45070d07ee929a851bce47a2e8,961203.8125
PGR0037,c0ce7cc2a8be5f8c3a576b733b85c09a,971146.75
PGR0037,c93483d751ff45d86334723d1c7189c3,956737.1875
PGR0037,cb7bee39a0868478d94a27dfdc1007ab,851784.0
PGR0037,cca3222e96f28640a4433aa886ba7540,869449.125
PGR0037,dd1028de3612205e1b70b923e1298841,861387.375
PGR0037,de5bbfe50e199696b5bb8a8e805f9edd,977151.0
PGR0037,e52a7c5d56a6d3101f406de119561dee,965273.3125
PGR0037,eb09b0f3c70b01458d26eab589e8c375,926152.5
PGR0037,ec075fe8095f1e7d461783c37cbd65c8,963786.8125
PGR0037,f20b1103336d2e4ecc478f064a7d0a49,869658.125
PGR0049,09d780af70191e31142ebe8f5e9b3ba3,859867.375
PGR0049,88a64c418f8ed88992cebfc325451f06,801943.1875
PGR0049,8a786aa8328a9b7b6821051b35e31820,902858.875
PGR0049,941297f021af5b3426b7be1b4cc2b65d,952745.5
PGR0049,98bbe19abc3be7a74c19a4f4346e8fa5,843132.25
PGR0049,a064bfbfcc00db87eb9894f15f848488,889677.1875
PGR0049,a64c9cc3b39b7bce0aa28e475eee7339,869417.625
PGR0049,aad124d9ec9287c08655f6b4493a2008,955732.25
PGR0049,b2394fbce1d8121e8fa3faf73db5f6da,901156.5
PGR0049,c2e619f94c6fb608f4ba92a0c5626acc,907812.1875
PGR0049,c3ddddce07bae1bb5e36f9b0e4ebc7eb,916262.125
PGR0049,cc7a86babcb528d970ef1c52fb1734a6,892844.1875
PGR0049,d54e21491092fa84fc4dc498e6219dad,947320.25
PGR0049,d613ff19f059888dda5ea3c063e50494,931143.875
PGR0049,d82304ae7c392d9871f70cfdf9a99a20,952414.8125
PGR0049,da49a267aa23f79bc20a9c2d7721a178,943016.125
PGR0049,e17d718c36c08b37c487df4239805624,881527.9375
PGR0092,105f03002f288a6047a3825e62034b2f,881395.125
PGR0092,1f34ba8dbc4c3b29f4022fd0834fc2da,847903.4375
PGR0092,33d9e6b644901222662fb773d609ea54,825219.9375
PGR0092,354de802d6a7a8e79f5fbc5c60da833c,836417.0
PGR0092,35b109cc4111fb446f244d14da0c27e7,841005.0
PGR0092,49b34c7c4addb330730e439f22553a56,795318.5
PGR0092,60397c78c4ac8a64b5197500fc601430,864947.625
PGR0092,66fc6ca20c931ef5ee2fafb5d96e49de,831953.25
PGR0092,74bf31797ae555145020105a1bf76ad2,788778.625
PGR0092,74e5a67d32f54a8de2b6613c4568c970,838855.0
PGR0092,e63688c813f2663259cfbb1c8ff5755f,811791.0
PGR0092,f22f9726f494b143d2074f25c2073a16,864657.375
PGR0101,1ff197781d34d427037c1c516c143a40,845182.75
PGR0101,29afed604af2d070fff72fd9f3130ca3,906079.75
PGR0101,2a249375c87914123fa7a5924b4eb3d7,933070.1875
PGR0101,3031c537bb529cc90a484d57d7017bfd,804744.125
PGR0101,31ee4ab91cf75b4b820de25571b89990,883476.25
PGR0101,3674a753e74cc17ea496e1ec31302cc9,825558.375
PGR0101,4abb88e262a6eaa7028766e74635332d,877111.9375
PGR0101,571102680f58c5ef1515ab424f1f347a,875202.625
PGR0101,bdd02fb21898faff67ca97b9f81eaa50,890675.5
PGR0101,c823f67bb7568f15bf0f797969d629de,829085.25
PGR0101,ce6513e6775352626ab22f3baa6bcc63,871563.625
PGR0101,e43e320fd6b6224f9b9404c531410c53,887778.625
PGR0132,3323fffabd81250de7c4c6b097e8ecb1,951325.5
PGR0132,4930ff8f9c7e69094f3e8f3271ee17bf,951940.8125
PGR0132,5b306a588e03aa9bd67e1bb25ce6df2d,967280.375
PGR0132,5f36062fbe3264f7b72c37ed043ff152,927198.875
PGR0132,62e46256813221020dcc352d285ef7ed,980004.875
PGR0132,a3b28f3149eaed5d6eb74b64a1b09d40,952820.0
PGR0132,ae2aed35614c8afabe9576ffd92571e5,954906.8125
PGR0132,b5ce4349de3e83afc8cf1e156fa2c04f,961652.1875
PGR0132,bfdd336871817147d929eaa156529340,964642.0
PGR0132,c02120ab16a96b8b4440795d93dd278c,958024.5625
PGR0132,cc2522e389fc9db0247735dd20ed1256,956250.0625
PGR0132,ef58c95d082585ee06bbb013eaf84da1,939510.8125
PGR0139,01ee8cc73aa9f255a44bdfb04ab25981,945177.9375
PGR0139,28b0440894e8144c73ef304bf3062ca4,963972.5
PGR0139,3a81be264f3005383d9eb3f6f01f5689,980502.1875
PGR0139,6176400dc0dba6b0e90c80635063dc49,961700.8125
PGR0139,6b44f0fdf5dbfa24919f44637e854a54,999471.0
PGR0139,884c9a74a2024287fade11f0f79f1af8,963535.0
PGR0139,98ed7948ce7461076c5f03ee85ccb5cb,986390.25
PGR0139,a9b9ee2f623027ef21f57746c9d13d58,990130.0
PGR0139,c5dd4153c75ac1ad2abaf33f66ec3e27,984994.3125
PGR0139,c916199ba10c3abf8193b8044cac5fae,973265.3125
PGR0139,df5100839079832214ca69efa757017d,955322.1875
PGR0139,ea36bb6dd27b085e000e5ba2ee8fcee0,981890.875
